Comment,Designator,Footprint,LCSC
1k,"R1,R5,R6",R_0603_1608Metric,C112433
1.2k,R3,R_0603_1608Metric,C138040
0.4,R4,R_0603_1608Metric,C140225
0.01uF,C6,CP_Elec_4x3,C162190
LED,RED1,LED_0201_0603Metric,C2286
LED,GREEN1,LED_0201_0603Metric,C2297
DRV8833PWP,U1,HTSSOP-16-1EP_4.4x5mm_P0.65mm_EP3.4x5mm_Mask2.46x2.31mm_ThermalVias,C50506
2.2uF,C2,C_0603_1608Metric,C5137502
TP4056,U2,SOIC-8-1EP_3.9x4.9mm_P1.27mm_EP2.29x3mm,C725790
100nF,C3,C_0603_1608Metric,C88219
10uF,"C4,C5",C_0603_1608Metric,C90544
