Designator,Val,Package,Mid X,Mid Y,Rotation,Layer
C2,2.2uF,C_0603_1608Metric,137.5,-68.9,-90.0,top
C3,100nF,C_0603_1608Metric,114.725,-85.5,180.0,top
C4,10uF,C_0603_1608Metric,125.525,-82.475,-90.0,top
C5,10uF,CP_Elec_4x3,143.3,-70.0,90.0,top
C6,0.01uF,CP_Elec_4x3,116.1,-72.7,-90.0,top
GREEN1,LED,LED_0201_0603Metric,135.9,-77.38,90.0,top
J1,Conn_02x08_Odd_Even,PinHeader_2x08_P2.54mm_Vertical,130.825,-62.225,90.0,bottom
J2,Battery,JST_PH_B2B-PH-K_1x02_P2.00mm_Vertical,129.3,-89.0,180.0,top
J3,Conn_01x02_Pin,PinHeader_1x02_P2.54mm_Vertical,142.825,-78.9,-90.0,top
J7,Conn_01x02_Pin,PinHeader_1x02_P2.54mm_Vertical,137.0,-86.0,180.0,top
R1,1k,R_0603_1608Metric,144.9,-61.8,90.0,top
R3,1.2k,R_0603_1608Metric,113.76,-79.125,-90.0,top
R4,0.4,R_0603_1608Metric,123.5,-67.6,90.0,top
R5,1k,R_0603_1608Metric,127.9,-78.4,90.0,top
R6,1k,R_0603_1608Metric,136.1,-80.385,90.0,top
RED1,LED,LED_0201_0603Metric,130.5,-76.9,90.0,top
TP2,TestPoint,TestPoint_Pad_1.0x1.0mm,117.5,-60.6,0.0,top
TP3,TestPoint,TestPoint_Pad_1.0x1.0mm,117.4,-63.9,0.0,top
TP4,TestPoint,TestPoint_Pad_1.0x1.0mm,127.9,-73.4,0.0,top
TP5,TestPoint,TestPoint_Pad_1.0x1.0mm,141.7,-87.3,0.0,top
TP6,TestPoint,TestPoint_Pad_1.0x1.0mm,125.0,-71.1,0.0,top
TP7,TestPoint,TestPoint_Pad_1.0x1.0mm,115.2,-67.4,0.0,top
TP8,TestPoint,TestPoint_Pad_1.0x1.0mm,118.7,-85.4,0.0,top
U1,DRV8833PWP,HTSSOP-16-1EP_4.4x5mm_P0.65mm_EP3.4x5mm_Mask2.46x2.31mm_ThermalVias,130.6625,-69.175,0.0,top
U2,TP4056,SOIC-8-1EP_3.9x4.9mm_P1.27mm_EP2.29x3mm,120.13,-78.95,0.0,top
